{"cameraMode":{"drawMode":0,"name":"Shaded","section":"Shading Mode"},"sceneLighting":true,"audioPlay":false,"sceneViewState":{"showFog":true,"showMaterialUpdate":false,"showSkybox":true,"showFlares":true,"showImageEffects":true,"showParticleSystems":true},"in2DMode":false,"pivot":{"x":7.242810249328613,"y":-10.487366676330567,"z":-20.33098030090332},"rotation":{"x":-0.08384495228528977,"y":-0.8946911096572876,"z":0.18958276510238648,"w":-0.39568009972572329},"size":10.449999809265137,"orthographic":false}